Fecha,Total_Raw,Total_Consistent,Via_Aerea,Via_Terrestre,Via_Maritima,Pais_El Salvador,Pais_Guatemala,Pais_Estados Unidos de América
2009-01-01,183505.5905347593,149944.02934517286,81693.0,88433.5905347593,13379.0,31607.410534759358,57050.999999999956,24276.0
2009-02-01,149426.2539075136,127303.6922033775,70099.0,67653.25390751359,11674.000000000002,26611.326959578215,40957.0,24064.0
2009-03-01,174237.2270951157,158795.67381860287,84494.0,78221.2270951157,11522.0,34552.77000000002,49421.000000000015,30701.0
2009-04-01,182842.4899173554,172013.46769401644,80618.0,92934.4899173554,9289.999999999998,35533.330000000016,58298.900826446275,26838.0
2009-05-01,133194.66765069554,124559.52435069307,64621.0,62056.667650695555,6517.0,27173.817650695546,44299.00000000001,22039.0
2009-06-01,156292.12857142845,151442.80337827274,81500.0,73950.12857142845,842.0,30127.639999999996,52952.999999999905,32682.428571428572
2009-07-01,140089.27569229022,137616.9517422195,74818.0,64156.27569229022,1115.0,26910.130000000012,56933.6813655761,22039.0
2009-08-01,189382.18837563434,179344.0418037644,76026.0,104657.18837563434,8699.0,54797.80999999985,52551.99999999997,26116.0
2009-09-01,135790.18845637582,132791.13353560158,61974.0,73045.18845637582,771.0,35011.46000000001,48463.26845637582,14624.0
2009-10-01,156825.96666666667,153153.6097868689,72950.0,83029.96666666669,846.0,40960.62,56913.00000000001,18819.0
2009-11-01,189158.16000000012,173623.2729586916,82455.0,93790.16000000013,12913.0,44545.55000000012,66126.00000000001,20356.0
2009-12-01,238031.58770897836,219594.65119713946,104131.0,117764.58770897836,16135.999999999998,50437.480000000025,84440.37770897834,31722.0
2010-01-01,199130.9858823529,162333.26551165638,85216.0,99581.98588235289,14333.0,39775.049999999996,65897.99999999996,25731.95588235294
2010-02-01,152599.55714285714,132527.46022602476,69352.0,76014.55714285714,7233.0,34381.22,43017.0,23443.85714285714
2010-03-01,176632.7872462976,163351.09275954103,88849.0,77503.78724629761,10280.0,20923.977591125204,55524.0,34880.68965517241
2010-04-01,179655.10000000006,170870.90530317114,76466.0,96497.10000000006,6692.0,42042.620000000046,60665.00000000001,23471.0
2010-05-01,146392.53513761464,141291.6089476861,65070.0,79094.53513761464,2228.0,33877.86999999997,49681.0,20524.669724770643
2010-06-01,160401.53999999995,155468.9470746268,84570.0,74888.53999999995,943.0,32194.51999999998,54680.99999999998,34560.5
2010-07-01,203255.90921084874,199667.83285998116,102317.0,99950.90921084872,988.0,41154.26304347823,63377.99999999999,39975.85365853659
2010-08-01,192892.4358336446,183931.0306162957,79180.0,106249.43583364459,7463.0,53267.48148325358,55161.000000000015,26965.91891891892
2010-09-01,133847.88865537662,130760.34969839199,62853.0,70280.8886553766,714.0,33235.00892086333,48625.00000000001,14759.72389380531
2010-10-01,166234.54099203463,157632.1243212268,76272.0,84744.54099203461,5218.0,42160.61000000003,59540.0,19570.5766834207
2010-11-01,193720.08842105273,179538.33569674406,84445.0,97709.08842105274,11566.0,46097.57000000012,68399.99999999999,21201.868421052633
2010-12-01,248135.48519124987,227411.04636668903,99643.0,130987.48519124987,17505.0,58173.65999999998,89533.0,29323.479169652877
2011-01-01,199120.59029411766,169708.55722701532,81827.0,110644.59029411766,6649.0,48827.31,66701.00000000003,23994.477941176472
2011-02-01,160806.84761904762,139869.86559086668,69199.0,83028.8476190476,8579.0,39053.600000000006,45452.999999999985,23103.214285714286
2011-03-01,182584.30508188406,169957.79100865728,77868.0,96708.30508188406,8008.0,47393.708732171166,51253.999999999985,29279.25201666519
2011-04-01,211761.74419302514,191655.76499508988,77120.0,117307.74419302512,17334.0,53731.33,66610.99999999999,26254.472222222223
2011-05-01,156728.34999999995,145923.54778125993,68133.0,80830.34999999996,7765.0,38184.29999999997,51676.0,21458.0
2011-06-01,170083.35714285713,163014.46872590488,82437.0,85376.35714285713,2270.0,37303.76000000002,58255.99999999996,33120.357142857145
2011-07-01,204325.66331283798,200521.00470178173,97679.0,105386.66331283798,1260.0,42756.0,68504.00000000003,37982.42386636895
2011-08-01,187854.6781400468,174775.49370458006,77477.0,98679.6781400468,11698.0,47596.97038461547,58710.970149253735,23596.891891891893
2011-09-01,144432.6912044162,141183.83971974195,65329.0,78462.69120441619,641.0,35202.09,54664.79508196722,14379.80612244898
2011-10-01,159566.86878067983,152049.08059590787,71644.0,83193.86878067983,4729.0,42912.84000000006,55803.928286852606,17760.5
2011-11-01,196650.4950404817,187320.0779012438,86040.0,104176.49504048169,6434.0,52401.620000000046,69201.75862068967,20867.28947368421
2011-12-01,257540.5152835257,243735.11067073603,101211.0,146377.5152835257,9952.0,69834.51000000007,92903.00000000003,29861.48449612403
2012-01-01,210834.305882353,177125.95776830107,81067.0,122517.305882353,7250.0,57181.01,66841.00000000004,23657.45588235294
2012-02-01,169001.26952380955,147819.44219831316,70168.0,92607.26952380955,6226.0,46179.31000000001,45264.00000000001,23751.214285714286
2012-03-01,196093.11365490346,186237.2082521481,84564.0,106344.11365490344,5185.0,51118.41900158478,56350.00000000001,32299.60061732894
2012-04-01,193661.7499999999,182891.2362626656,75122.0,110443.74999999993,8096.0,50197.77999999995,63209.99999999999,22151.0
2012-05-01,164972.46000000002,152137.5120438028,71959.0,83234.46,9779.0,39422.460000000014,51437.0,22189.5
2012-06-01,179413.4692857143,173240.56422688227,87824.0,90624.46928571428,965.0,40568.510000000024,60287.99999999997,36842.58928571429
2012-07-01,203982.72000106898,199340.37067282858,96204.0,105841.72000106898,1937.0,44613.73999999998,64281.99999999999,38390.05307454483
2012-08-01,188092.5113766111,170666.4032403826,72237.0,100145.51137661112,15710.0,49534.899999999965,53029.96019900497,24028.391891891893
2012-09-01,151540.5526229508,147847.52798648953,65651.0,85070.55262295081,819.0,39433.179999999986,54110.69262295083,15487.0
2012-10-01,174443.9581938911,167995.4374967636,75434.0,95986.9581938911,3023.0,45355.40999999998,63018.78486055779,19702.5
2012-11-01,208257.7518037972,195400.06831855708,87872.0,110323.7518037972,10062.0,53340.83000000007,72239.75862068967,23180.342105263157
2012-12-01,259521.71697674415,238839.75250727762,102428.0,140017.71697674415,17076.0,56650.159999999996,93973.99999999997,33566.90697674418
2013-01-01,195440.51999839998,170858.696535424,80051.0,105415.51999839998,9974.0,38650.84000000001,67124.99999839994,23784.0
2013-02-01,156393.08999989997,140163.89946159555,69139.0,79327.08999989995,7927.0,33068.15,45171.999999899956,24170.0
2013-03-01,238388.6366329104,217092.5553629627,90893.0,131636.6366329104,15859.0,53940.459175911245,74787.99998979998,36196.56747404845
2013-04-01,192705.51000000004,179526.03722270243,72202.0,109751.51000000002,10752.0,45047.50000000002,66864.00000000001,22149.0
2013-05-01,188955.55999999997,179243.65691496403,71046.0,112853.55999999997,5056.0,50045.24000000003,67028.99999999996,23118.0
2013-06-01,203522.43999999997,197164.99485562296,89180.0,113399.43999999997,943.0,45116.19000000006,72691.99999999991,39424.0
2013-07-01,216160.6217850375,211596.0172646677,95206.0,118956.62178503753,1998.0,45617.319999999985,72602.00000099998,40343.0
2013-08-01,201934.6200000001,197150.9391696579,77913.0,120963.62000000013,3058.0,55250.42000000007,68391.00000000006,26357.0
2013-09-01,168085.25000280002,163867.0618713466,66627.0,100119.2500028,1339.0,43794.45999999993,66040.00000280008,15413.0
2013-10-01,172476.97999999995,167624.46888297104,79527.0,91059.97999999995,1890.0,39450.98999999996,68788.99999999999,20415.0
2013-11-01,218786.41999999993,202965.0230046185,92515.0,113120.41999999991,13151.0,48110.019999999924,84624.99999999999,23194.0
2013-12-01,279319.32999999996,262449.4019393584,112488.0,153846.32999999996,12985.0,61495.65999999999,114089.99999999996,35277.0
2014-01-01,234446.53999999992,219460.3466763904,90200.0,130524.53999999992,13722.0,53127.53999999997,83994.99999999996,26141.0
2014-02-01,182721.75,173476.24586474686,78209.0,96035.75,8477.0,41977.749999999985,56150.00000000001,25767.0
2014-03-01,215178.73433878162,200137.3302226692,92135.0,110207.73433878162,12836.0,45590.77000000004,67869.0,35051.0
2014-04-01,243823.90000000002,229359.1331489176,89600.0,140647.90000000002,13576.0,61024.90000000005,86743.99999999997,29172.0
2014-05-01,196933.52000000008,190264.56475260793,80383.0,112244.52000000006,4306.0,49255.52000000005,72803.00000000001,24833.0
2014-06-01,202425.34999985993,200093.47330128695,99084.0,102404.34999985993,937.0,42000.34999999995,76799.99999985998,39778.0
2014-07-01,239373.68999999997,237558.594805903,102729.0,135567.68999999997,1077.0,54642.689999999995,83156.99999999999,41389.0
2014-08-01,229607.76999999996,225101.63196751618,86492.0,140100.76999999996,3015.0,63231.770000000004,78633.99999999996,27940.0
2014-09-01,190814.11,187684.7805935593,73602.0,116394.10999999997,818.0,53943.109999999986,72589.99999999999,16441.0
2014-10-01,226630.01000000004,223650.87089512649,86265.0,139647.01000000004,718.0,61061.01000000001,92354.00000000004,21910.0
2014-11-01,262353.2899999996,248017.60998571018,95776.0,153726.28999999957,12851.0,67123.2899999996,100517.0,24207.0
2014-12-01,338293.3,325372.73464960407,117878.0,208891.3,11524.0,86824.29999999996,135911.00000000003,36567.0
2015-01-01,253275.000001625,244120.9512092014,95064.0,151017.000001625,7194.0,55883.00000268093,98082.99999892709,26763.0
2015-02-01,207976.49999823695,197207.24754449067,79878.0,119584.49999823693,8514.0,47280.99999900502,68880.99999916393,27369.5
2015-03-01,265027.28444746643,249587.40803931904,98121.0,154233.2844474664,12673.0,63590.999997249164,86884.00000002403,37096.78445006321
2015-04-01,271468.49999998853,247561.50812161784,87540.0,162185.49999998856,21743.0,67152.99999788038,96791.00000215217,26476.5
2015-05-01,238063.29823437225,226414.60772244775,84334.0,145065.29823437225,8664.0,60865.00000219998,91021.99999955013,26109.79823269514
2015-06-01,252347.99999916193,245382.68691700848,104893.0,145425.99999916193,2029.0,55969.00000093984,102864.99999832007,42019.0
2015-07-01,257181.99999890625,253035.1771321548,106927.0,148253.99999890625,2001.0,58017.99999841815,93995.0000004531,41191.5
2015-08-01,260587.50000028274,245666.15541175148,90600.0,162197.50000028277,7790.0,79655.00000023177,85968.00000001494,28170.5
2015-09-01,209004.49999934426,206700.77080266396,82888.0,125454.49999934428,662.0,55196.00000125024,86392.99999816001,18439.0
2015-10-01,235017.99999686194,227800.2788234454,97243.0,134549.9999968619,3225.0,59381.9999972759,95400.99999949198,24225.0
2015-11-01,252959.50000221597,245184.0101002201,110173.0,136006.50000221597,6780.0,57414.000003299974,102865.99999884499,26978.5
2015-12-01,338732.50000370404,329225.2385317896,129751.0,201180.50000370402,7801.0,86569.00000275004,141033.00000098598,38602.0
2016-01-01,279290.9999999999,262106.6293521066,109052.0,161285.99999999985,8953.0,60358.999999999876,112679.99999999999,29476.0
2016-02-01,234617.99999999988,214638.7297908925,90944.0,131965.99999999988,11708.0,52427.999999999876,84038.99999999999,29292.0
2016-03-01,347084.00000000006,322030.33266050776,117172.0,215678.00000000003,14234.0,102206.00000000012,123424.99999999993,41947.0
2016-04-01,248439.00000000006,211444.92035013388,90938.0,145473.00000000006,12028.0,69140.00000000004,93881.00000000001,26029.0
2016-05-01,257081.0,223932.92774985195,96379.0,151184.0,9518.0,70407.99999999993,103911.00000000006,27826.0
2016-06-01,268068.6562500002,226287.2952819879,113143.0,153559.65625000017,1366.0,69722.00000000019,108895.99999999999,43795.65625
2016-07-01,308371.75939849706,269012.23955853493,130062.0,176601.75939849703,1708.0,76313.00000000067,124427.00000000013,48287.759398496244
2016-08-01,309029.99999999977,258799.9277235241,100986.0,196149.99999999974,11894.000000000002,98514.99999999978,116690.99999999996,28738.0
2016-09-01,215265.39883619457,186819.30831740008,80637.42857142864,133965.97026476593,662.0,58125.85420865276,88791.4878778981,18401.55389975113
2016-10-01,299690.0,249121.26446227162,102214.0,194458.99999999997,3017.0,96001.99999999991,124722.00000000007,23976.0
2016-11-01,325923.0,251531.9805278988,111954.0,197750.0,16219.000000000002,97481.00000000003,131944.99999999997,24653.0
2016-12-01,403355.0218579234,321301.1886656979,111842.0,268530.0218579234,22983.0,136230.99999999988,157646.00000000006,32782.0
2017-01-01,327088.2196146738,259641.60794906897,99217.0,209585.21961467384,18286.0,92801.66437482914,122606.66828087177,26090.228880161605
2017-02-01,276842.8785826486,233718.22885076454,94604.0,169373.87858264858,12864.999999999998,77164.85950996548,98130.78571428571,29573.60850213212
2017-03-01,339725.37321970536,294444.4751136085,106339.0,222174.3732197054,11212.0,107972.60548985947,119552.99999999991,37271.804596466485
2017-04-01,398107.9311828097,377828.7289698364,110230.00000000001,267606.93118280964,20271.000000000004,125586.54517158523,158561.00000000015,31491.81157238148
2017-05-01,280611.37535503623,243741.78519639443,89750.0,184953.37535503626,5908.0,79431.67984374179,119426.99999999999,25736.361520764687
2017-06-01,300218.7854,247853.40796743412,114127.99999999999,184630.7854,1460.0,72268.25700000007,114420.6188,44018.99999999999
2017-07-01,359006.57369999983,291574.27301642345,134449.0,223014.5736999998,1543.0,77043.19889999973,118364.98860000001,49780.51640000001
2017-08-01,400119.0166000009,274293.5932154499,100536.0,299583.0166000009,,102847.1247999999,110072.13840000001,29911.1171
2017-09-01,244041.30469999992,213696.60197929587,91091.0,148682.30469999992,4268.0,64445.82519999995,95650.98719999997,19986.5214
2017-10-01,274807.104421702,239055.67001993404,109105.00000000001,153283.104421702,12419.0,67446.72719999988,106457.77704425532,26330.175400000004
2017-11-01,316608.2421300007,275693.4157893119,121391.99999999999,179948.24213000073,15268.0,80668.71510000064,125104.00278000004,28914.489200000004
2017-12-01,404283.49610000034,356109.4989215251,142949.0,235771.4961000003,25563.0,97424.55980000044,166993.87179999988,42068.00000000001
2018-01-01,356933.8923320003,303819.2179742683,117446.0,209981.89233200034,29506.0,95762.21883200061,123905.7580999997,31991.0006
2018-02-01,287123.42668800015,251666.99157049917,96337.0,174295.42668800018,16491.0,79855.45068800011,97064.97600000011,31251.0
2018-03-01,435063.99999999884,393020.78296043223,124266.0,293193.99999999884,17604.0,142606.99999999866,154165.00000000015,46729.0
2018-04-01,390488.66023500025,308239.861353772,104951.0,266163.66023500025,19374.000000000004,134110.20890000009,136188.55573500015,30017.0
2018-05-01,303919.7562999992,277750.0821155593,103815.00000000001,191168.7562999992,8936.0,88124.55399999923,117160.27039999995,30776.000000000004
2018-06-01,344009.84579301835,311280.3505085109,120718.00000000067,221271.8457930177,2020.0,95603.51250001922,139123.34949299492,50738.99999999694
2018-07-01,359320.84170000005,337300.58994755434,134933.0,224387.84170000005,,102110.00000000016,129712.20609499297,53705.99999999999
2018-08-01,378651.77360000083,352316.5717399916,110568.00000000073,267340.77360000013,743.0,127364.00000000006,138817.000000001,35057.999999999745
2018-09-01,288075.091731506,272777.06846753834,94931.29173150647,190994.79999999952,2149.0,79449.10168539287,124992.25397727192,22278.86899191812
2018-10-01,314775.24679066514,282172.2126978078,115003.99628460119,184907.25050606398,14864.000000000002,77101.54875716913,126015.00407599972,29262.57159998979
2018-11-01,346802.54537830804,309687.6366610493,135409.36194730835,193633.1834309997,17760.0,83397.20199744927,136864.60714200098,35031.71926839621
2018-12-01,451183.5759149496,393729.4913142119,156607.3959668107,273631.1799481389,20945.000000000004,104544.35558766701,185070.66548252347,49575.73960998194
2019-01-01,409070.1841228372,357645.7498163418,126566.13349998859,258991.05062284865,23513.0,102985.0,158731.0,35047.0
2019-02-01,322067.5757750438,285350.9076318986,106574.12156398408,201808.45421105972,13685.0,84376.0,122687.0,33992.0
2019-03-01,399233.16485603753,359757.9903426129,118895.93695089713,259346.22790514043,20991.000000000004,123670.0,135906.0,44551.0
2019-04-01,438126.02571626974,388538.5481624975,125309.99999999897,295423.0257162708,17393.0,137113.0,164044.99999999919,37232.99999999987
2019-05-01,322838.7189971024,299297.3401131451,109523.99999999949,211322.71899710293,1992.0,97409.0,124257.99999999924,33982.00000000025
2019-06-01,360723.62495207327,333161.55536598404,127604.99999999904,233118.62495207423,,96354.0,150470.99999999884,52871.00000000017
2019-07-01,424549.22910102265,365333.6909719392,138562.64109759167,284020.588003431,1966.0,107991.0,156051.0,54990.0
2019-08-01,435156.2167264152,365512.75428666285,115044.99999999999,320111.2167264152,,165263.0,149648.9999999998,36383.00000000021
2019-09-01,326378.553693717,298250.07724295655,101240.07692307641,223844.47677064058,1294.0,89768.0,147026.99999999942,23190.00000000007
2019-10-01,333222.5816606803,294503.99136425246,119128.99999999866,197089.58166068167,17004.0,85655.0,129828.99999999869,29738.00000000001
2019-11-01,404633.8788819898,335783.9260785361,137092.00000000224,243942.87888198756,23599.0,119801.00000000001,145411.00000000244,34386.99999999978
2019-12-01,515820.44595176575,449114.07050016744,157842.00000000003,348626.4459517657,9352.0,160692.0,207097.0000000001,48382.99999999991
2020-01-01,465740.1746839287,388222.6026616116,130697.00219828535,316015.17248564336,19028.0,146886.0,173175.0,38743.0
2020-02-01,389261.6257059582,317917.9765175921,112885.99999999996,259956.6257059583,16419.0,124678.0,135558.0,38107.0
2020-03-01,176870.29003846797,155415.5760920644,54830.992130115425,115494.29790835253,6545.0,44917.0,71496.0,17969.0
2020-04-01,10039.0,10039.0,489.0,9550.0,,,10039.0,
2020-05-01,9779.0,9779.0,610.0,9169.0,,,9779.0,
2020-06-01,11817.0,11817.0,1418.0,10399.0,,,11817.0,
2020-07-01,13484.0,13484.0,1047.0,12437.0,,,13484.0,
2020-08-01,15357.0,15357.0,1259.0,14098.0,,,15357.0,
2020-09-01,25389.528915275994,12572.49268292683,5606.0,19783.528915275994,,7254.0,13800.0,1134.0
2020-10-01,30538.524452566482,16680.784348955127,9474.702618453864,21063.82183411262,,8576.920058910006,14454.500000000007,2890.563772446
2020-11-01,58632.0,52865.0,38994.0,19638.0,,11528.0,23765.0,11267.0
2020-12-01,59432.0,55620.0,53717.0,5715.0,,573.0,40254.0,12291.0
2021-01-01,104620.0,89960.0,43648.0,60972.0,,17086.0,52694.0,12140.0
2021-02-01,65463.0,52605.0,28784.0,36679.0,,14657.0,36690.0,6427.0
2021-03-01,105145.0549412881,85017.39633341735,60160.41466618583,44984.64027510227,,20788.0,40699.0,22824.0
2021-04-01,82067.86966045789,59743.1902214643,34541.691431401676,47526.178229056204,,18194.0,32694.0,15805.0
2021-05-01,79974.0,73873.0,59518.0,20456.0,,12704.0,35632.0,17568.0
2021-06-01,106436.0,95146.0,75987.0,30449.0,,16216.0,42766.0,26751.0
2021-07-01,108345.66433359256,97594.66433359256,71180.0,37165.66433359256,,18267.0,41447.0,24815.0
2021-08-01,83251.0,72327.0,55680.0,27571.0,,15688.0,33613.0,15851.0
2021-09-01,74913.99999999997,67022.99999999997,46047.99999999996,28866.0,,16447.0,29693.0,11086.0
2021-10-01,93745.0,83528.0,53420.0,40325.0,,19399.0,33960.0,14356.0
2021-11-01,116908.17755114578,98578.0,72673.0,42922.17755114579,1313.0,19587.17755114579,44567.0,21432.0
2021-12-01,246898.0,223569.1278011966,122254.0,122049.0,2595.0,82264.0,70711.0,51522.0
2022-01-01,151709.0,134303.0,97752.0,53281.0,676.0,23010.0,57588.0,27488.0
2022-02-01,232198.4,193903.6,84575.0,147175.4,448.0,46087.4,103677.0,28326.0
2022-03-01,296130.0,227886.0,106141.0,189137.0,852.0,68422.0,121167.0,38922.0
2022-04-01,386778.0,292648.0,124782.0,258094.0,3902.0,109382.0,145471.0,43043.0
2022-05-01,356400.0,260013.0,111839.0,243664.0,897.0,109611.0,145671.0,38791.0
2022-06-01,360283.0,269366.0,125316.0,234967.0,,105641.0,139311.0,51958.0
2022-07-01,397773.0,306246.0,131458.0,266315.0,,117800.0,150879.0,51030.0
2022-08-01,399193.0,297602.0,108896.0,290297.0,,136447.0,138402.0,35616.0
2022-09-01,348618.0,246464.0,103209.0,245409.0,,104097.0,135924.0,26932.0
2022-10-01,407715.0,281938.0,122939.0,281801.0,2975.0,110337.0,151684.0,32604.0
2022-11-01,453177.0,318693.0,131410.0,315529.0,6238.0,130231.0,159691.0,33302.0
2022-12-01,526190.0,400266.0,158463.0,357685.0,10042.0,155458.0,195874.0,51836.0
2023-01-01,291513.0,258166.18821264658,76401.0,214429.99999999997,682.0,144993.99999999988,,42980.0
2023-02-01,221331.00000000003,198751.85766927942,75406.0,145396.00000000003,529.0,115806.00000000006,,41407.99999999999
2023-03-01,279789.9999999997,251839.50267324003,92733.0,186351.9999999997,705.0,123877.99999999967,,55782.0
2023-04-01,306654.0000000003,283179.2556557846,79354.0,226626.00000000032,674.0,156559.0000000003,,44496.0
2023-05-01,239253.00000000006,213191.03891840694,71802.0,166906.00000000006,545.0,114599.99999999996,,41753.0
2023-06-01,253270.0000000001,224580.17382775573,87780.0,164892.0000000001,598.0,112605.00000000012,,61407.0
2023-07-01,275152.9999999998,257626.95044792976,99032.0,175496.99999999983,624.0,130189.99999999984,,62914.0
2023-08-01,292862.00000000006,264514.08794636687,79152.0,213118.0000000001,592.0,143511.00000000012,,45608.0
2023-09-01,247668.99999999985,218486.47810497988,67306.0,180016.99999999985,346.0,123361.99999999988,,33515.0
2023-10-01,191304.0,164499.38846570507,59326.0,131699.0,279.0,82875.0,,28945.0
2023-11-01,284085.0,255894.27623440052,89140.0,194406.99999999997,538.0,134425.00000000003,,45186.0
2023-12-01,365824.9999999998,327097.61316611955,108408.0,256911.99999999985,505.0,189184.99999999983,,68456.0
2024-01-01,333491.0,292731.86680673156,96039.0,236880.00000000003,572.0,158404.00000000006,,53061.0
2024-02-01,294529.9999999999,265990.67321318097,98871.0,195023.9999999999,635.0,134884.9999999999,,56908.0
2024-03-01,349965.0000000001,322310.39400228957,108491.0,240757.00000000012,717.0,169332.00000000015,,66372.0
2024-04-01,265183.0000000001,240988.81729405138,87857.0,176774.0000000001,552.0,122903.00000000007,,48372.0
2024-05-01,265989.00000000006,238807.9548151027,87997.0,177469.00000000003,523.0,127385.00000000003,,50956.0
2024-06-01,262613.00000000006,234781.22686199367,104464.0,157594.00000000006,555.0,105174.00000000004,,71451.0
2024-07-01,295477.0000000001,266974.95506929053,110379.0,184561.00000000015,537.0,122695.00000000016,,71606.0
2024-08-01,312497.0000000001,282101.83101094456,88635.0,223302.00000000012,560.0,163951.00000000012,,51098.0
2024-09-01,239821.99999999994,215658.8098341591,69269.0,170231.99999999994,321.0,122425.99999999994,,32882.0
2024-10-01,271571.0000000002,249665.7008373391,81187.0,189998.0000000002,386.0,132061.00000000017,,39706.0
2024-11-01,318822.00000000006,302674.076910829,97137.0,221084.00000000006,601.0,164221.00000000006,,49266.0
2024-12-01,383915.9999999999,361749.6884796847,113027.0,270242.9999999999,646.0,201891.99999999985,,72247.0
2025-01-01,306595.9999999999,289543.5982553855,101124.0,204868.9999999999,603.0,157647.9999999999,,53561.0
2025-02-01,268365.00000000006,254428.88643334265,92703.0,175050.00000000006,612.0,128702.00000000006,,49969.0
2025-03-01,299908.99999999994,278538.25098417036,107244.0,192069.99999999994,595.0,139873.99999999994,,61948.0
2025-04-01,321074.0000000001,300287.6910735994,93466.0,226671.00000000015,937.0,158699.00000000015,,52232.0
2025-05-01,270314.9999999998,247981.9259720942,87753.0,181985.9999999998,576.0,133312.9999999998,,51752.0
2025-06-01,273825.99999999994,254190.0961535216,99411.0,173922.99999999994,492.0,125142.99999999993,,68559.0
2025-07-01,307291.00000000006,283388.6987866118,117361.0,189324.0000000001,606.0,121912.00000000009,,73920.0
2025-08-01,315572.0000000001,293780.5243930469,90643.0,224363.00000000012,566.0,163534.0000000001,,52180.0
2025-09-01,236472.99999999994,218069.51122057904,70416.0,165690.99999999994,366.0,124318.99999999993,,33282.0
2025-10-01,277299.0000000001,255920.93232213068,90000.0,186906.00000000012,393.0,130457.00000000009,,46323.0
2025-11-01,328430.9999999998,310585.52010717517,111567.0,216329.99999999985,534.0,160120.99999999985,,56224.0
2025-12-01,392086.99999999965,365573.0218067979,127283.0,264139.99999999965,664.0,194544.99999999968,,79332.0
2026-01-01,319106.00000000006,300664.07527322107,113435.0,205027.0000000001,644.0,142166.0000000001,,58503.0
2026-02-01,254047.99999999997,236844.11361811563,106821.0,146468.99999999997,758.0,99278.99999999999,,56313.0
2026-03-01,311226.0000000002,291160.36570034793,127540.0,183014.00000000017,672.0,120481.00000000016,,73023.0
2026-04-01,278198.99999999994,260951.04561236833,102029.0,175449.99999999997,720.0,113870.99999999996,,55450.0
2026-05-01,260665.99999999977,241312.29525905842,95804.0,164258.99999999977,603.0,115940.9999999998,,54947.0
2026-06-01,259391.00000000003,245687.58097717003,98211.0,160604.00000000003,576.0,110566.00000000003,,65514.0
